set define off;


----------------ObjectDeleteScript----------------

delete  from maxobjectcfg  where objectname='TEST2';
delete  from maxtablecfg  where TABLENAME='TEST2';
delete  from maxattributecfg  where OBJECTNAME='TEST2';
delete  from maxsysindexes where TBNAME= 'TEST2';
delete from maxsyskeys where IXNAME='TEST2_NDX1';
delete  from maxrelationship where PARENT= 'TEST2';
delete  from maxsequence where TBNAME= 'TEST2';


----------------ObjectInsertScript----------------



----------------CreateObjectScript----------------

insert into maxobjectcfg ( OBJECTNAME, CLASSNAME, DESCRIPTION, EAUDITENABLED, EAUDITFILTER, ENTITYNAME, ESIGFILTER, EXTENDSOBJECT, IMPORTED, ISVIEW, PERSISTENT, SERVICENAME, SITEORGTYPE, USERDEFINED, CHANGED, MAINOBJECT, INTERNAL, MAXOBJECTID, TEXTDIRECTION) values ( 'TEST2', 'psdi.mbo.custapp.CustomMboSet', 'ceshi', 0, null, 'TEST2', null, null, 0, 0, 1, 'CUSTAPP', '地点', 1,'I', 1, 0, MAXOBJECTCFGSEQ.nextval, null);


----------------CreateTableScript----------------

insert into maxtablecfg ( TABLENAME, ADDROWSTAMP, EAUDITTBNAME, ISAUDITTABLE, RESTOREDATA, STORAGEPARTITION, TEXTSEARCHENABLED, LANGTABLENAME, LANGCOLUMNNAME, UNIQUECOLUMNNAME, ISLANGTABLE, MAXTABLEID, ALTIXNAME, TRIGROOT, CONTENTATTRIBUTE, STORAGETYPE, EXTTABLENAME) values ( 'TEST2', 1, null, 0, 0, 'MAXDATA', 0, null, null, 'TEST2ID', 0, MAXTABLECFGSEQ.nextval, null, 'TEST2', null, 0, null);


----------------CreateAttributeScript----------------

insert into maxattributecfg ( OBJECTNAME, ATTRIBUTENAME, ALIAS, AUTOKEYNAME, ATTRIBUTENO, CANAUTONUM, CLASSNAME, COLUMNNAME, DEFAULTVALUE, DOMAINID, EAUDITENABLED, ENTITYNAME, ESIGENABLED, ISLDOWNER, ISPOSITIVE, LENGTH, MAXTYPE, MUSTBE, REQUIRED, PERSISTENT, PRIMARYKEYCOLSEQ, REMARKS, SAMEASATTRIBUTE, SAMEASOBJECT, SCALE, TITLE, USERDEFINED, CHANGED, SEARCHTYPE, MLSUPPORTED, MLINUSE, HANDLECOLUMNNAME, MAXATTRIBUTEID, RESTRICTED, LOCALIZABLE, TEXTDIRECTION, COMPLEXEXPRESSION, EXTENDED) values ( 'TEST2', 'TEST2ID', 'TEST2ID', null, 1, 0, null, 'TEST2ID', null, null, 0, 'TEST2', 0, 0, 0, 19, 'BIGINT', 1, 1, 1, 1, 'Test2id', null, null, 0, 'Test2id', 1,'I', 'EXACT', 0, 0, null, MAXATTRIBUTECFGSEQ.nextval, 0, 0, null, null, 0);
insert into maxattributecfg ( OBJECTNAME, ATTRIBUTENAME, ALIAS, AUTOKEYNAME, ATTRIBUTENO, CANAUTONUM, CLASSNAME, COLUMNNAME, DEFAULTVALUE, DOMAINID, EAUDITENABLED, ENTITYNAME, ESIGENABLED, ISLDOWNER, ISPOSITIVE, LENGTH, MAXTYPE, MUSTBE, REQUIRED, PERSISTENT, PRIMARYKEYCOLSEQ, REMARKS, SAMEASATTRIBUTE, SAMEASOBJECT, SCALE, TITLE, USERDEFINED, CHANGED, SEARCHTYPE, MLSUPPORTED, MLINUSE, HANDLECOLUMNNAME, MAXATTRIBUTEID, RESTRICTED, LOCALIZABLE, TEXTDIRECTION, COMPLEXEXPRESSION, EXTENDED) values ( 'TEST2', 'DESCRIPTION', 'DESCRIPTION', null, 2, 0, null, 'DESCRIPTION', null, null, 0, 'TEST2', 0, 1, 0, 50, 'ALN', 0, 0, 1, null, '描述', null, null, 0, '描述', 1,'I', 'NONE', 0, 0, null, MAXATTRIBUTECFGSEQ.nextval, 0, 1, null, null, 0);
insert into maxattributecfg ( OBJECTNAME, ATTRIBUTENAME, ALIAS, AUTOKEYNAME, ATTRIBUTENO, CANAUTONUM, CLASSNAME, COLUMNNAME, DEFAULTVALUE, DOMAINID, EAUDITENABLED, ENTITYNAME, ESIGENABLED, ISLDOWNER, ISPOSITIVE, LENGTH, MAXTYPE, MUSTBE, REQUIRED, PERSISTENT, PRIMARYKEYCOLSEQ, REMARKS, SAMEASATTRIBUTE, SAMEASOBJECT, SCALE, TITLE, USERDEFINED, CHANGED, SEARCHTYPE, MLSUPPORTED, MLINUSE, HANDLECOLUMNNAME, MAXATTRIBUTEID, RESTRICTED, LOCALIZABLE, TEXTDIRECTION, COMPLEXEXPRESSION, EXTENDED) values ( 'TEST2', 'SITEID', 'SITEID', null, 3, 0, 'psdi.app.site.FldSiteID', 'SITEID', null, null, 0, 'TEST2', 0, 0, 0, 8, 'UPPER', 0, 0, 1, null, 'Siteid', 'SITEID', 'SITE', 0, 'Siteid', 1,'I', 'WILDCARD', 0, 0, null, MAXATTRIBUTECFGSEQ.nextval, 0, 1, null, null, 0);
insert into maxattributecfg ( OBJECTNAME, ATTRIBUTENAME, ALIAS, AUTOKEYNAME, ATTRIBUTENO, CANAUTONUM, CLASSNAME, COLUMNNAME, DEFAULTVALUE, DOMAINID, EAUDITENABLED, ENTITYNAME, ESIGENABLED, ISLDOWNER, ISPOSITIVE, LENGTH, MAXTYPE, MUSTBE, REQUIRED, PERSISTENT, PRIMARYKEYCOLSEQ, REMARKS, SAMEASATTRIBUTE, SAMEASOBJECT, SCALE, TITLE, USERDEFINED, CHANGED, SEARCHTYPE, MLSUPPORTED, MLINUSE, HANDLECOLUMNNAME, MAXATTRIBUTEID, RESTRICTED, LOCALIZABLE, TEXTDIRECTION, COMPLEXEXPRESSION, EXTENDED) values ( 'TEST2', 'ORGID', 'ORGID', null, 4, 0, 'psdi.app.site.FldOrganizationID', 'ORGID', null, null, 0, 'TEST2', 0, 0, 0, 8, 'UPPER', 0, 0, 1, null, 'Orgid', 'ORGID', 'ORGANIZATION', 0, 'Orgid', 1,'I', 'WILDCARD', 0, 0, null, MAXATTRIBUTECFGSEQ.nextval, 0, 1, null, null, 0);
insert into maxattributecfg ( OBJECTNAME, ATTRIBUTENAME, ALIAS, AUTOKEYNAME, ATTRIBUTENO, CANAUTONUM, CLASSNAME, COLUMNNAME, DEFAULTVALUE, DOMAINID, EAUDITENABLED, ENTITYNAME, ESIGENABLED, ISLDOWNER, ISPOSITIVE, LENGTH, MAXTYPE, MUSTBE, REQUIRED, PERSISTENT, PRIMARYKEYCOLSEQ, REMARKS, SAMEASATTRIBUTE, SAMEASOBJECT, SCALE, TITLE, USERDEFINED, CHANGED, SEARCHTYPE, MLSUPPORTED, MLINUSE, HANDLECOLUMNNAME, MAXATTRIBUTEID, RESTRICTED, LOCALIZABLE, TEXTDIRECTION, COMPLEXEXPRESSION, EXTENDED) values ( 'TEST2', 'DESCRIPTION_LONGDESCRIPTION', 'DESCRIPTION_LONGDESCRIPTION', null, 5, 0, null, null, null, null, 0, null, 0, 0, 0, 32000, 'LONGALN', 1, 0, 0, null, 'Description_longdescription', null, null, 0, 'Description_longdescription', 1,'I', 'TEXT', 0, 0, null, MAXATTRIBUTECFGSEQ.nextval, 0, 0, null, null, 0);
insert into maxattributecfg ( OBJECTNAME, ATTRIBUTENAME, ALIAS, AUTOKEYNAME, ATTRIBUTENO, CANAUTONUM, CLASSNAME, COLUMNNAME, DEFAULTVALUE, DOMAINID, EAUDITENABLED, ENTITYNAME, ESIGENABLED, ISLDOWNER, ISPOSITIVE, LENGTH, MAXTYPE, MUSTBE, REQUIRED, PERSISTENT, PRIMARYKEYCOLSEQ, REMARKS, SAMEASATTRIBUTE, SAMEASOBJECT, SCALE, TITLE, USERDEFINED, CHANGED, SEARCHTYPE, MLSUPPORTED, MLINUSE, HANDLECOLUMNNAME, MAXATTRIBUTEID, RESTRICTED, LOCALIZABLE, TEXTDIRECTION, COMPLEXEXPRESSION, EXTENDED) values ( 'TEST2', 'HASLD', 'HASLD', null, 6, 0, null, 'HASLD', '0', null, 0, 'TEST2', 0, 0, 0, 1, 'YORN', 1, 1, 1, null, 'Hasld', null, null, 0, 'Hasld', 1,'I', 'NONE', 0, 0, null, MAXATTRIBUTECFGSEQ.nextval, 0, 0, null, null, 0);
insert into maxattributecfg ( OBJECTNAME, ATTRIBUTENAME, ALIAS, AUTOKEYNAME, ATTRIBUTENO, CANAUTONUM, CLASSNAME, COLUMNNAME, DEFAULTVALUE, DOMAINID, EAUDITENABLED, ENTITYNAME, ESIGENABLED, ISLDOWNER, ISPOSITIVE, LENGTH, MAXTYPE, MUSTBE, REQUIRED, PERSISTENT, PRIMARYKEYCOLSEQ, REMARKS, SAMEASATTRIBUTE, SAMEASOBJECT, SCALE, TITLE, USERDEFINED, CHANGED, SEARCHTYPE, MLSUPPORTED, MLINUSE, HANDLECOLUMNNAME, MAXATTRIBUTEID, RESTRICTED, LOCALIZABLE, TEXTDIRECTION, COMPLEXEXPRESSION, EXTENDED) values ( 'TEST2', 'TYPE', 'TYPE', null, 7, 0, null, 'TYPE', null, 'TEST2TYPE', 0, 'TEST2', 0, 0, 0, 50, 'ALN', 0, 0, 1, null, '类型', null, null, 0, '类型', 1,'I', 'WILDCARD', 0, 0, null, MAXATTRIBUTECFGSEQ.nextval, 0, 1, null, null, 0);
insert into maxattributecfg ( OBJECTNAME, ATTRIBUTENAME, ALIAS, AUTOKEYNAME, ATTRIBUTENO, CANAUTONUM, CLASSNAME, COLUMNNAME, DEFAULTVALUE, DOMAINID, EAUDITENABLED, ENTITYNAME, ESIGENABLED, ISLDOWNER, ISPOSITIVE, LENGTH, MAXTYPE, MUSTBE, REQUIRED, PERSISTENT, PRIMARYKEYCOLSEQ, REMARKS, SAMEASATTRIBUTE, SAMEASOBJECT, SCALE, TITLE, USERDEFINED, CHANGED, SEARCHTYPE, MLSUPPORTED, MLINUSE, HANDLECOLUMNNAME, MAXATTRIBUTEID, RESTRICTED, LOCALIZABLE, TEXTDIRECTION, COMPLEXEXPRESSION, EXTENDED) values ( 'TEST2', 'TESTPRNUM', 'TESTPRNUM', null, 8, 0, 'com.wmc.app.test2.Fldprnum', null, null, null, 0, null, 0, 0, 0, 19, 'BIGINT', 0, 0, 0, null, '新建PR', null, null, 0, '新建PR', 1,'I', 'NONE', 0, 0, null, MAXATTRIBUTECFGSEQ.nextval, 0, 0, null, null, 0);


----------------CreateindexScript----------------

insert into maxsysindexes ( NAME, TBNAME, UNIQUERULE, CHANGED, CLUSTERRULE, STORAGEPARTITION, REQUIRED, TEXTSEARCH, MAXSYSINDEXESID) values ( 'TEST2_NDX1', 'TEST2', 'U','Y', 0, 'MAXDATA', 1, 0, MAXSYSINDEXESSEQ.nextval);


----------------CreateKeyScript----------------

insert into maxsyskeys ( IXNAME, COLNAME, COLSEQ, ORDERING, CHANGED, MAXSYSKEYSID) values ( 'TEST2_NDX1', 'TEST2ID', 1, 'A','Y', MAXSYSKEYSSEQ.nextval);


----------------CreateRelationScript----------------

insert into maxrelationship ( NAME, PARENT, CHILD, WHERECLAUSE, REMARKS, MAXRELATIONSHIPID, CARDINALITY, DBJOINREQUIRED) values ( 'DOCLINKS', 'TEST2', 'DOCLINKS', 'ownertable=''TEST2'' and ownerid=:test2id', null, MAXRELATIONSHIPSEQ.nextval, null, 0);
insert into maxrelationship ( NAME, PARENT, CHILD, WHERECLAUSE, REMARKS, MAXRELATIONSHIPID, CARDINALITY, DBJOINREQUIRED) values ( 'TEST2A', 'TEST2', 'TEST2A', 'TEST2id=:TEST2id', null, MAXRELATIONSHIPSEQ.nextval, null, 0);
insert into maxrelationship ( NAME, PARENT, CHILD, WHERECLAUSE, REMARKS, MAXRELATIONSHIPID, CARDINALITY, DBJOINREQUIRED) values ( 'WFASSIGNMENT', 'TEST2', 'WFASSIGNMENT', 'ownertable = ''TEST2'' and wfassignment.ownerid = :test2id and assignstatus in (select value from synonymdomain where domainid=''WFASGNSTATUS'' and maxvalue=''ACTIVE'')', '与此TEST2上的活动任务分配相关联。(ownertable = ''TEST2'' and wfassignment.ownerid = :test2id and assignstatus in (select value from synonymdomain where domainid=''WFASGNSTATUS'' and maxvalue=''ACTIVE'')) 零到多个成员集。', MAXRELATIONSHIPSEQ.nextval, null, 0);
insert into maxrelationship ( NAME, PARENT, CHILD, WHERECLAUSE, REMARKS, MAXRELATIONSHIPID, CARDINALITY, DBJOINREQUIRED) values ( 'WFTOOLBAR', 'TEST2', 'WFTOOLBAR', null, '获取管理工具栏按钮的虚拟集。', MAXRELATIONSHIPSEQ.nextval, null, 0);
insert into maxrelationship ( NAME, PARENT, CHILD, WHERECLAUSE, REMARKS, MAXRELATIONSHIPID, CARDINALITY, DBJOINREQUIRED) values ( 'WFTRANSACTION', 'TEST2', 'WFTRANSACTION', 'ownertable = ''TEST2'' and ownerid = :test2id', '与此TEST2上的工作流交易相关联。(ownertable = ''TEST2'' and ownerid = :test2id) 零到多个成员集。', MAXRELATIONSHIPSEQ.nextval, null, 0);
insert into maxrelationship ( NAME, PARENT, CHILD, WHERECLAUSE, REMARKS, MAXRELATIONSHIPID, CARDINALITY, DBJOINREQUIRED) values ( 'WORKFLOWMAP', 'TEST2', 'WORKFLOWMAP', null, '获取显示过程图的虚拟集。', MAXRELATIONSHIPSEQ.nextval, null, 0);


----------------CreateSequenceScript----------------

insert into maxsequence ( TBNAME, NAME, MAXRESERVED, MAXVALUE, RANGE, SEQUENCENAME, MAXSEQUENCEID) values ( 'TEST2', 'TEST2ID', 1, null, null, 'TEST2IDSEQ', MAXSEQUENCESEQ.nextval);


----------------Update Maximo Sequence----------------

update maxsequence set maxreserved=(select max(TEST2ID)+1 from TEST2) where tbname='TEST2' and name='TEST2ID';


----------------CreateAutokeyScript----------------



----------------ObjectDeleteScript----------------

delete  from maxobjectcfg  where objectname='TEST2A';
delete  from maxtablecfg  where TABLENAME='TEST2A';
delete  from maxattributecfg  where OBJECTNAME='TEST2A';
delete  from maxsysindexes where TBNAME= 'TEST2A';
delete from maxsyskeys where IXNAME='TEST2A_NDX1';
delete  from maxrelationship where PARENT= 'TEST2A';
delete  from maxsequence where TBNAME= 'TEST2A';


----------------ObjectInsertScript----------------



----------------CreateObjectScript----------------

insert into maxobjectcfg ( OBJECTNAME, CLASSNAME, DESCRIPTION, EAUDITENABLED, EAUDITFILTER, ENTITYNAME, ESIGFILTER, EXTENDSOBJECT, IMPORTED, ISVIEW, PERSISTENT, SERVICENAME, SITEORGTYPE, USERDEFINED, CHANGED, MAINOBJECT, INTERNAL, MAXOBJECTID, TEXTDIRECTION) values ( 'TEST2A', 'psdi.mbo.custapp.CustomMboSet', 'test2a', 0, null, 'TEST2A', null, null, 0, 0, 1, 'CUSTAPP', '地点', 1,'I', 0, 0, MAXOBJECTCFGSEQ.nextval, null);


----------------CreateTableScript----------------

insert into maxtablecfg ( TABLENAME, ADDROWSTAMP, EAUDITTBNAME, ISAUDITTABLE, RESTOREDATA, STORAGEPARTITION, TEXTSEARCHENABLED, LANGTABLENAME, LANGCOLUMNNAME, UNIQUECOLUMNNAME, ISLANGTABLE, MAXTABLEID, ALTIXNAME, TRIGROOT, CONTENTATTRIBUTE, STORAGETYPE, EXTTABLENAME) values ( 'TEST2A', 1, null, 0, 0, 'MAXDATA', 0, null, null, 'TEST2AID', 0, MAXTABLECFGSEQ.nextval, null, 'TEST2A', null, 0, null);


----------------CreateAttributeScript----------------

insert into maxattributecfg ( OBJECTNAME, ATTRIBUTENAME, ALIAS, AUTOKEYNAME, ATTRIBUTENO, CANAUTONUM, CLASSNAME, COLUMNNAME, DEFAULTVALUE, DOMAINID, EAUDITENABLED, ENTITYNAME, ESIGENABLED, ISLDOWNER, ISPOSITIVE, LENGTH, MAXTYPE, MUSTBE, REQUIRED, PERSISTENT, PRIMARYKEYCOLSEQ, REMARKS, SAMEASATTRIBUTE, SAMEASOBJECT, SCALE, TITLE, USERDEFINED, CHANGED, SEARCHTYPE, MLSUPPORTED, MLINUSE, HANDLECOLUMNNAME, MAXATTRIBUTEID, RESTRICTED, LOCALIZABLE, TEXTDIRECTION, COMPLEXEXPRESSION, EXTENDED) values ( 'TEST2A', 'TEST2AID', 'TEST2AID', null, 1, 0, null, 'TEST2AID', null, null, 0, 'TEST2A', 0, 0, 0, 19, 'BIGINT', 1, 1, 1, 1, 'Test2aid', null, null, 0, 'Test2aid', 1,'I', 'EXACT', 0, 0, null, MAXATTRIBUTECFGSEQ.nextval, 0, 0, null, null, 0);
insert into maxattributecfg ( OBJECTNAME, ATTRIBUTENAME, ALIAS, AUTOKEYNAME, ATTRIBUTENO, CANAUTONUM, CLASSNAME, COLUMNNAME, DEFAULTVALUE, DOMAINID, EAUDITENABLED, ENTITYNAME, ESIGENABLED, ISLDOWNER, ISPOSITIVE, LENGTH, MAXTYPE, MUSTBE, REQUIRED, PERSISTENT, PRIMARYKEYCOLSEQ, REMARKS, SAMEASATTRIBUTE, SAMEASOBJECT, SCALE, TITLE, USERDEFINED, CHANGED, SEARCHTYPE, MLSUPPORTED, MLINUSE, HANDLECOLUMNNAME, MAXATTRIBUTEID, RESTRICTED, LOCALIZABLE, TEXTDIRECTION, COMPLEXEXPRESSION, EXTENDED) values ( 'TEST2A', 'DESCRIPTION', 'DESCRIPTION', null, 2, 0, null, 'DESCRIPTION', null, null, 0, 'TEST2A', 0, 1, 0, 50, 'ALN', 0, 0, 1, null, '描述', null, null, 0, '描述', 1,'I', 'NONE', 0, 0, null, MAXATTRIBUTECFGSEQ.nextval, 0, 1, null, null, 0);
insert into maxattributecfg ( OBJECTNAME, ATTRIBUTENAME, ALIAS, AUTOKEYNAME, ATTRIBUTENO, CANAUTONUM, CLASSNAME, COLUMNNAME, DEFAULTVALUE, DOMAINID, EAUDITENABLED, ENTITYNAME, ESIGENABLED, ISLDOWNER, ISPOSITIVE, LENGTH, MAXTYPE, MUSTBE, REQUIRED, PERSISTENT, PRIMARYKEYCOLSEQ, REMARKS, SAMEASATTRIBUTE, SAMEASOBJECT, SCALE, TITLE, USERDEFINED, CHANGED, SEARCHTYPE, MLSUPPORTED, MLINUSE, HANDLECOLUMNNAME, MAXATTRIBUTEID, RESTRICTED, LOCALIZABLE, TEXTDIRECTION, COMPLEXEXPRESSION, EXTENDED) values ( 'TEST2A', 'DESCRIPTION_LONGDESCRIPTION', 'DESCRIPTION_LONGDESCRIPTION', null, 3, 0, null, null, null, null, 0, null, 0, 0, 0, 32000, 'LONGALN', 1, 0, 0, null, 'Description_longdescription', null, null, 0, 'Description_longdescription', 1,'I', 'TEXT', 0, 0, null, MAXATTRIBUTECFGSEQ.nextval, 0, 0, null, null, 0);
insert into maxattributecfg ( OBJECTNAME, ATTRIBUTENAME, ALIAS, AUTOKEYNAME, ATTRIBUTENO, CANAUTONUM, CLASSNAME, COLUMNNAME, DEFAULTVALUE, DOMAINID, EAUDITENABLED, ENTITYNAME, ESIGENABLED, ISLDOWNER, ISPOSITIVE, LENGTH, MAXTYPE, MUSTBE, REQUIRED, PERSISTENT, PRIMARYKEYCOLSEQ, REMARKS, SAMEASATTRIBUTE, SAMEASOBJECT, SCALE, TITLE, USERDEFINED, CHANGED, SEARCHTYPE, MLSUPPORTED, MLINUSE, HANDLECOLUMNNAME, MAXATTRIBUTEID, RESTRICTED, LOCALIZABLE, TEXTDIRECTION, COMPLEXEXPRESSION, EXTENDED) values ( 'TEST2A', 'HASLD', 'HASLD', null, 4, 0, null, 'HASLD', '0', null, 0, 'TEST2A', 0, 0, 0, 1, 'YORN', 1, 1, 1, null, 'Hasld', null, null, 0, 'Hasld', 1,'I', 'NONE', 0, 0, null, MAXATTRIBUTECFGSEQ.nextval, 0, 0, null, null, 0);
insert into maxattributecfg ( OBJECTNAME, ATTRIBUTENAME, ALIAS, AUTOKEYNAME, ATTRIBUTENO, CANAUTONUM, CLASSNAME, COLUMNNAME, DEFAULTVALUE, DOMAINID, EAUDITENABLED, ENTITYNAME, ESIGENABLED, ISLDOWNER, ISPOSITIVE, LENGTH, MAXTYPE, MUSTBE, REQUIRED, PERSISTENT, PRIMARYKEYCOLSEQ, REMARKS, SAMEASATTRIBUTE, SAMEASOBJECT, SCALE, TITLE, USERDEFINED, CHANGED, SEARCHTYPE, MLSUPPORTED, MLINUSE, HANDLECOLUMNNAME, MAXATTRIBUTEID, RESTRICTED, LOCALIZABLE, TEXTDIRECTION, COMPLEXEXPRESSION, EXTENDED) values ( 'TEST2A', 'SITEID', 'SITEID', null, 5, 0, 'psdi.app.site.FldSiteID', 'SITEID', null, null, 0, 'TEST2A', 0, 0, 0, 8, 'UPPER', 0, 0, 1, null, 'Siteid', 'SITEID', 'SITE', 0, 'Siteid', 1,'I', 'WILDCARD', 0, 0, null, MAXATTRIBUTECFGSEQ.nextval, 0, 0, null, null, 0);
insert into maxattributecfg ( OBJECTNAME, ATTRIBUTENAME, ALIAS, AUTOKEYNAME, ATTRIBUTENO, CANAUTONUM, CLASSNAME, COLUMNNAME, DEFAULTVALUE, DOMAINID, EAUDITENABLED, ENTITYNAME, ESIGENABLED, ISLDOWNER, ISPOSITIVE, LENGTH, MAXTYPE, MUSTBE, REQUIRED, PERSISTENT, PRIMARYKEYCOLSEQ, REMARKS, SAMEASATTRIBUTE, SAMEASOBJECT, SCALE, TITLE, USERDEFINED, CHANGED, SEARCHTYPE, MLSUPPORTED, MLINUSE, HANDLECOLUMNNAME, MAXATTRIBUTEID, RESTRICTED, LOCALIZABLE, TEXTDIRECTION, COMPLEXEXPRESSION, EXTENDED) values ( 'TEST2A', 'ORGID', 'ORGID', null, 6, 0, 'psdi.app.site.FldOrganizationID', 'ORGID', null, null, 0, 'TEST2A', 0, 0, 0, 8, 'UPPER', 0, 0, 1, null, 'Orgid', 'ORGID', 'ORGANIZATION', 0, 'Orgid', 1,'I', 'WILDCARD', 0, 0, null, MAXATTRIBUTECFGSEQ.nextval, 0, 0, null, null, 0);
insert into maxattributecfg ( OBJECTNAME, ATTRIBUTENAME, ALIAS, AUTOKEYNAME, ATTRIBUTENO, CANAUTONUM, CLASSNAME, COLUMNNAME, DEFAULTVALUE, DOMAINID, EAUDITENABLED, ENTITYNAME, ESIGENABLED, ISLDOWNER, ISPOSITIVE, LENGTH, MAXTYPE, MUSTBE, REQUIRED, PERSISTENT, PRIMARYKEYCOLSEQ, REMARKS, SAMEASATTRIBUTE, SAMEASOBJECT, SCALE, TITLE, USERDEFINED, CHANGED, SEARCHTYPE, MLSUPPORTED, MLINUSE, HANDLECOLUMNNAME, MAXATTRIBUTEID, RESTRICTED, LOCALIZABLE, TEXTDIRECTION, COMPLEXEXPRESSION, EXTENDED) values ( 'TEST2A', 'TEST2ID', 'TEST2ID', null, 7, 0, null, 'TEST2ID', null, null, 0, 'TEST2A', 0, 0, 0, 19, 'BIGINT', 0, 0, 1, null, 'Test2id', null, null, 0, 'Test2id', 1,'I', 'EXACT', 0, 0, null, MAXATTRIBUTECFGSEQ.nextval, 0, 0, null, null, 0);
insert into maxattributecfg ( OBJECTNAME, ATTRIBUTENAME, ALIAS, AUTOKEYNAME, ATTRIBUTENO, CANAUTONUM, CLASSNAME, COLUMNNAME, DEFAULTVALUE, DOMAINID, EAUDITENABLED, ENTITYNAME, ESIGENABLED, ISLDOWNER, ISPOSITIVE, LENGTH, MAXTYPE, MUSTBE, REQUIRED, PERSISTENT, PRIMARYKEYCOLSEQ, REMARKS, SAMEASATTRIBUTE, SAMEASOBJECT, SCALE, TITLE, USERDEFINED, CHANGED, SEARCHTYPE, MLSUPPORTED, MLINUSE, HANDLECOLUMNNAME, MAXATTRIBUTEID, RESTRICTED, LOCALIZABLE, TEXTDIRECTION, COMPLEXEXPRESSION, EXTENDED) values ( 'TEST2A', 'A', 'A', null, 8, 0, null, 'A', null, null, 0, 'TEST2A', 0, 0, 0, 50, 'ALN', 0, 0, 1, null, '字段a', null, null, 0, '字段a', 1,'I', 'NONE', 0, 0, null, MAXATTRIBUTECFGSEQ.nextval, 0, 1, null, null, 0);
insert into maxattributecfg ( OBJECTNAME, ATTRIBUTENAME, ALIAS, AUTOKEYNAME, ATTRIBUTENO, CANAUTONUM, CLASSNAME, COLUMNNAME, DEFAULTVALUE, DOMAINID, EAUDITENABLED, ENTITYNAME, ESIGENABLED, ISLDOWNER, ISPOSITIVE, LENGTH, MAXTYPE, MUSTBE, REQUIRED, PERSISTENT, PRIMARYKEYCOLSEQ, REMARKS, SAMEASATTRIBUTE, SAMEASOBJECT, SCALE, TITLE, USERDEFINED, CHANGED, SEARCHTYPE, MLSUPPORTED, MLINUSE, HANDLECOLUMNNAME, MAXATTRIBUTEID, RESTRICTED, LOCALIZABLE, TEXTDIRECTION, COMPLEXEXPRESSION, EXTENDED) values ( 'TEST2A', 'B', 'B', null, 9, 0, null, 'B', null, null, 0, 'TEST2A', 0, 0, 0, 50, 'ALN', 0, 0, 1, null, '字段b', null, null, 0, '字段b', 1,'I', 'NONE', 0, 0, null, MAXATTRIBUTECFGSEQ.nextval, 0, 1, null, null, 0);
insert into maxattributecfg ( OBJECTNAME, ATTRIBUTENAME, ALIAS, AUTOKEYNAME, ATTRIBUTENO, CANAUTONUM, CLASSNAME, COLUMNNAME, DEFAULTVALUE, DOMAINID, EAUDITENABLED, ENTITYNAME, ESIGENABLED, ISLDOWNER, ISPOSITIVE, LENGTH, MAXTYPE, MUSTBE, REQUIRED, PERSISTENT, PRIMARYKEYCOLSEQ, REMARKS, SAMEASATTRIBUTE, SAMEASOBJECT, SCALE, TITLE, USERDEFINED, CHANGED, SEARCHTYPE, MLSUPPORTED, MLINUSE, HANDLECOLUMNNAME, MAXATTRIBUTEID, RESTRICTED, LOCALIZABLE, TEXTDIRECTION, COMPLEXEXPRESSION, EXTENDED) values ( 'TEST2A', 'DOCURLS', 'DOCURLS', null, 10, 0, 'org.shoukaiseki.app.docurl.FldDocurls', null, null, null, 0, null, 0, 0, 0, 1000, 'ALN', 0, 0, 0, null, '附件', null, null, 0, '附件', 1,'I', 'NONE', 0, 0, null, MAXATTRIBUTECFGSEQ.nextval, 0, 1, null, null, 0);


----------------CreateindexScript----------------

insert into maxsysindexes ( NAME, TBNAME, UNIQUERULE, CHANGED, CLUSTERRULE, STORAGEPARTITION, REQUIRED, TEXTSEARCH, MAXSYSINDEXESID) values ( 'TEST2A_NDX1', 'TEST2A', 'U','Y', 0, 'MAXDATA', 0, 0, MAXSYSINDEXESSEQ.nextval);


----------------CreateKeyScript----------------

insert into maxsyskeys ( IXNAME, COLNAME, COLSEQ, ORDERING, CHANGED, MAXSYSKEYSID) values ( 'TEST2A_NDX1', 'TEST2AID', 1, 'A','Y', MAXSYSKEYSSEQ.nextval);


----------------CreateRelationScript----------------

insert into maxrelationship ( NAME, PARENT, CHILD, WHERECLAUSE, REMARKS, MAXRELATIONSHIPID, CARDINALITY, DBJOINREQUIRED) values ( 'DOCLINKS', 'TEST2A', 'DOCLINKS', 'ownertable=''TEST2A'' and ownerid=:test2aid', null, MAXRELATIONSHIPSEQ.nextval, null, 0);


----------------CreateSequenceScript----------------

insert into maxsequence ( TBNAME, NAME, MAXRESERVED, MAXVALUE, RANGE, SEQUENCENAME, MAXSEQUENCEID) values ( 'TEST2A', 'TEST2AID', 1, null, null, 'TEST2AIDSEQ', MAXSEQUENCESEQ.nextval);


----------------Update Maximo Sequence----------------

update maxsequence set maxreserved=(select max(TEST2AID)+1 from TEST2A) where tbname='TEST2A' and name='TEST2AID';


----------------CreateAutokeyScript----------------

commit;
